timestamp,prompt,response,conversation_id,success
2025-04-29T19:53:05.365742,How much does it cost to install a new pool?,"Our custom pools start at around $79,000, and every project is tailored to fit your specific needs. Pricing can vary depending on the design, features, and materials you choose. To get a personalized estimate, I recommend scheduling a free consultation. You can easily schedule your free consultation here: [Placeholder for Scheduling Link].",405caead-03ec-4647-8e43-6defa2c1eed4,True
2025-04-29T19:53:15.838901,What's the typical timeline for pool installation?,"The typical timeline for pool installation involves several steps, each with its own duration. Here's an overview based on my knowledge base:

1. **Project Design & Proposal**: This begins with an initial meeting between the client and a design technician to discuss the desired pool and landscape layout. A detailed survey of the area is conducted, and within a few days, a fully prepared plan and proposed construction cost are provided.

2. **Layout & Excavation**: Once the plans are approved and permits are obtained, the pool layout is marked using stakes and forms. Excavation then begins, with the earth either hauled away or kept on-site for backfilling.

3. **Pool Plumbing**: Schedule 40 PVC pipes are installed beneath the deck, connecting the pool to the mechanical equipment location. All piping is pressure-tested before the gunite placement to ensure no leaks.

4. **Gunite Application**: The gunite shell is applied, and features like stairs, benches, and light niches are set in place. Afterward, the shell must be watered twice daily for seven days to facilitate curing.

5. **Tile & Coping**: A 6-inch band of frostproof ceramic tile is applied to the pool's top inside edge, and coping or other finishes are installed.

6. **Deck Layout & Pour**: The deck is laid out and poured, providing the surrounding area for the pool.

7. **Pool Equipment Installation**: Mechanical components like the filter system, time clock, automatic cleaner, and heater (if ordered) are installed. Electrical work is completed during this phase.

8. **Interior Finish**: The pool and surrounding area are cleaned, and the interior finish is applied. A fence or temporary fence must be installed to meet local and state codes before filling the pool.

9. **Pool Start-Up**: Once the pool is filled, the mechanical equipment is started, and basic instructions for pool operation are provided. For the next 7-10 days, tasks like testing and lowering pH, brushing the pool, and backwashing are performed.

The exact timeline can vary depending on factors like weather, project complexity, and permitting processes. To get a more precise estimate tailored to your project, I recommend scheduling a free consultation. You can easily schedule your free consultation here: [Placeholder for Scheduling Link].",9e9deab0-87d2-4156-8f3e-7e7c7a45ac96,True
2025-04-29T19:53:22.131618,Do you offer financing options?,"Yes, Custom Pools of Lubbock offers financing options to help make your dream pool a reality. For more details, I recommend visiting the Financing Options page on our website, which includes information about financing partners like Lyon Financial. If you'd like, we can also discuss financing during a free consultation. You can easily schedule your free consultation here: [Placeholder for Scheduling Link]. Let me know how I can assist further!",ef9abc10-8f12-4f9c-87dd-9b829619df9a,True
